site;model;prix;contact;lien;telephone;date;image
Autoline;Fourgonnette de tourisme Dongfeng;124 200 MAD13 500 $US≈ 11 450 €;Autoline Seller;https://autoline.co.ma/-/vente/fourgonnettes-de-tourisme/Dongfeng--25080115580990914800;N/A;Today;https://img.linemedia.com/img/s/passenger-van-Dongfeng---1754055643459991961_common--25080115580990914800.jpg
Autoline;Fourgonnette de tourisme Toyota Hiace;110 400 MAD12 000 $US≈ 10 170 €;Autoline Seller;https://autoline.co.ma/-/vente/fourgonnettes-de-tourisme/Toyota/Hiace--26020311225098804000;N/A;Today;https://img.linemedia.com/img/s/passenger-van-Toyota-Hiace---1770110730751292155_common--26020311225098804000.jpg
Autoline;Fourgonnette de tourisme Toyota Hiace;110 400 MAD12 000 $US≈ 10 170 €;Autoline Seller;https://autoline.co.ma/-/vente/fourgonnettes-de-tourisme/Toyota/Hiace--26020311130312549300;N/A;Today;https://img.linemedia.com/img/s/passenger-van-Toyota-Hiace---1770110165794034201_common--26020311130312549300.jpg
Autoline;Fourgonnette de tourisme Toyota Hiace;110 400 MAD12 000 $US≈ 10 170 €;Autoline Seller;https://autoline.co.ma/-/vente/fourgonnettes-de-tourisme/Toyota/Hiace--26020311020023962200;N/A;Today;https://img.linemedia.com/img/s/passenger-van-Toyota-Hiace---1770109651010585622_common--26020311020023962200.jpg
Autoline;Fourgonnette de tourisme Toyota hiace;96 630 MAD10 500 $US≈ 8 903 €;Autoline Seller;https://autoline.co.ma/-/vente/fourgonnettes-de-tourisme/Toyota/hiace--24101605542454596900;N/A;Today;https://img.linemedia.com/img/s/passenger-van-Toyota-hiace---1729047435099831874_common--24101605542454596900.jpg
Autoline;Fourgonnette de tourisme Toyota Hiace bus;96 630 MAD10 500 $US≈ 8 903 €;Autoline Seller;https://autoline.co.ma/-/vente/fourgonnettes-de-tourisme/Toyota/Hiace-bus--26012605042741400900;N/A;Today;https://img.linemedia.com/img/s/passenger-van-Toyota-Hiace-bus---1769396835937803258_common--26012605042741400900.jpg
Autoline;Fourgonnette de tourisme Toyota Hiace Click here for discount;94 790 MAD10 300 $US≈ 8 733 €;Autoline Seller;https://autoline.co.ma/-/vente/fourgonnettes-de-tourisme/Toyota/Hiace-Click-here-for-discount--25081209203345577400;N/A;Today;https://img.linemedia.com/img/s/passenger-van-Toyota-Hiace-Click-here-for-discount---1754980271277178823_common--25081209203345577400.jpg
Autoline;Fourgonnette de tourisme Toyota Coaster;94 790 MAD10 300 $US≈ 8 733 €;Autoline Seller;https://autoline.co.ma/-/vente/fourgonnettes-de-tourisme/Toyota/Coaster--26020310550100721800;N/A;Today;https://img.linemedia.com/img/s/passenger-van-Toyota-Coaster---1770109040986721356_common--26020310550100721800.jpg
Autoline;Fourgonnette de tourisme Toyota Coaster;94 790 MAD10 300 $US≈ 8 733 €;Autoline Seller;https://autoline.co.ma/-/vente/fourgonnettes-de-tourisme/Toyota/Coaster--26020310494168120400;N/A;Today;https://img.linemedia.com/img/s/passenger-van-Toyota-Coaster---1770108720938920800_common--26020310494168120400.jpg
Autoline;Fourgonnette de tourisme JAC Jiulong;87 430 MAD9 500 $US≈ 8 055 €;Autoline Seller;https://autoline.co.ma/-/vente/fourgonnettes-de-tourisme/JAC/Jiulong--26010717440394243800;N/A;Today;https://img.linemedia.com/img/s/passenger-van-JAC-Jiulong---1767800980579153905_common--26010717440394243800.jpg
